codigo_ibge,ano_pib,pib_per_capita,populacao,uf,variacao_12m_pct,tercil_renda,tercil_populacao,perfil_formato
500060,2021,50530.350088205334,41751.0,Mato Grosso do Sul,2.4056746559722564,média,alta,Misto / avaliar caso a caso
500070,2021,24072.979160088413,24781.0,Mato Grosso do Sul,2.4056746559722564,baixa,alta,Atacarejo
522220,2021,27890.869632615097,4145.0,Goiás,-0.15625883777098393,baixa,baixa,Risco (sem escala nem renda)
500025,2021,43341.956640553835,4649.0,Mato Grosso do Sul,2.4056746559722564,média,baixa,Misto / avaliar caso a caso
520250,2021,28238.394584139263,8570.0,Goiás,-0.15625883777098393,baixa,média,Atacarejo
520235,2021,90414.29731925264,2904.0,Goiás,-0.15625883777098393,alta,baixa,"Varejo de nicho (renda alta, população pequena)"
520215,2021,23110.455420141116,7152.0,Goiás,-0.15625883777098393,baixa,média,Atacarejo
521839,2021,22454.37558393024,3750.0,Goiás,-0.15625883777098393,baixa,baixa,Risco (sem escala nem renda)
521040,2021,40719.95758983961,47603.0,Goiás,-0.15625883777098393,média,alta,Misto / avaliar caso a caso
500100,2021,62919.69226104752,29826.0,Mato Grosso do Sul,2.4056746559722564,alta,alta,Varejo tradicional
500090,2021,95418.41004184101,9717.0,Mato Grosso do Sul,2.4056746559722564,alta,média,Varejo tradicional
521090,2021,22960.293501048218,21891.0,Goiás,-0.15625883777098393,baixa,alta,Atacarejo
510779,2021,186836.05055871038,4244.0,Mato Grosso,-1.198470469704671,alta,baixa,"Varejo de nicho (renda alta, população pequena)"
521540,2021,40777.92878499592,4109.0,Goiás,-0.15625883777098393,média,baixa,Misto / avaliar caso a caso
521525,2021,34944.90418118467,3703.0,Goiás,-0.15625883777098393,média,baixa,Misto / avaliar caso a caso
510787,2021,253902.92887029288,32514.0,Mato Grosso,-1.198470469704671,alta,alta,Varejo tradicional
520010,2021,21337.086187898243,17738.0,Goiás,-0.15625883777098393,baixa,alta,Atacarejo
500790,2021,54739.044611133046,49735.0,Mato Grosso do Sul,2.4056746559722564,alta,alta,Varejo tradicional
500780,2021,262613.5774218154,8716.0,Mato Grosso do Sul,2.4056746559722564,alta,média,Varejo tradicional
520020,2021,35305.14096185738,1843.0,Goiás,-0.15625883777098393,média,baixa,Misto / avaliar caso a caso
520017,2021,91264.07667294198,4979.0,Goiás,-0.15625883777098393,alta,baixa,"Varejo de nicho (renda alta, população pequena)"
520015,2021,19407.55467196819,2282.0,Goiás,-0.15625883777098393,baixa,baixa,Risco (sem escala nem renda)
521680,2021,17460.546875,9519.0,Goiás,-0.15625883777098393,baixa,média,Atacarejo
510650,2021,21248.876774695982,31203.0,Mato Grosso,-1.198470469704671,baixa,alta,Atacarejo
510645,2021,87927.5692074327,3328.0,Mato Grosso,-1.198470469704671,alta,baixa,"Varejo de nicho (renda alta, população pequena)"
522015,2021,26110.20330609918,4939.0,Goiás,-0.15625883777098393,baixa,baixa,Risco (sem escala nem renda)
520570,2021,33002.218278615794,2441.0,Goiás,-0.15625883777098393,média,baixa,Misto / avaliar caso a caso
520552,2021,21103.02485774184,4188.0,Goiás,-0.15625883777098393,baixa,baixa,Risco (sem escala nem renda)
522005,2021,106424.54268292683,1812.0,Goiás,-0.15625883777098393,alta,baixa,"Varejo de nicho (renda alta, população pequena)"
500795,2021,26539.63543874523,11205.0,Mato Grosso do Sul,2.4056746559722564,baixa,média,Atacarejo
520620,2021,74978.26830658955,66827.0,Goiás,-0.15625883777098393,alta,alta,Varejo tradicional
520590,2021,70843.98721534159,9484.0,Goiás,-0.15625883777098393,alta,média,Varejo tradicional
520580,2021,23190.858059342423,10724.0,Goiás,-0.15625883777098393,baixa,média,Atacarejo
500750,2021,45305.46875,5451.0,Mato Grosso do Sul,2.4056746559722564,média,baixa,Misto / avaliar caso a caso
500740,2021,30060.324594257178,20454.0,Mato Grosso do Sul,2.4056746559722564,média,alta,Misto / avaliar caso a caso
500770,2021,38897.68393637801,11322.0,Mato Grosso do Sul,2.4056746559722564,média,média,Misto / avaliar caso a caso
500769,2021,79018.2212581345,32207.0,Mato Grosso do Sul,2.4056746559722564,alta,alta,Varejo tradicional
500755,2021,58766.98540513337,7165.0,Mato Grosso do Sul,2.4056746559722564,alta,média,Varejo tradicional
521480,2021,31771.91413237925,2132.0,Goiás,-0.15625883777098393,média,baixa,Misto / avaliar caso a caso
520013,2021,46318.93439013651,22079.0,Goiás,-0.15625883777098393,média,alta,Misto / avaliar caso a caso
522010,2021,43116.21433542101,35288.0,Goiás,-0.15625883777098393,média,alta,Misto / avaliar caso a caso
510642,2021,25729.99019470514,33754.0,Mato Grosso,-1.198470469704671,baixa,alta,Atacarejo
510637,2021,89799.9658061207,18946.0,Mato Grosso,-1.198470469704671,alta,alta,Varejo tradicional
500793,2021,50811.638059331286,14813.0,Mato Grosso do Sul,2.4056746559722564,alta,média,Varejo tradicional
500830,2021,93535.42916963008,143523.0,Mato Grosso do Sul,2.4056746559722564,alta,alta,Varejo tradicional
522000,2021,39522.08278444152,15026.0,Goiás,-0.15625883777098393,média,média,Misto / avaliar caso a caso
500800,2021,31586.417851326965,18182.0,Mato Grosso do Sul,2.4056746559722564,média,alta,Misto / avaliar caso a caso
500797,2021,50533.16610925306,3740.0,Mato Grosso do Sul,2.4056746559722564,média,baixa,Misto / avaliar caso a caso
522028,2021,26207.843137254902,2200.0,Goiás,-0.15625883777098393,baixa,baixa,Risco (sem escala nem renda)
521645,2021,224468.63117870723,2999.0,Goiás,-0.15625883777098393,alta,baixa,"Varejo de nicho (renda alta, população pequena)"
510670,2021,20470.16393442623,2098.0,Mato Grosso,-1.198470469704671,baixa,baixa,Risco (sem escala nem renda)
521230,2021,44791.33498629779,9123.0,Goiás,-0.15625883777098393,média,média,Misto / avaliar caso a caso
520640,2021,40813.84220354808,17532.0,Goiás,-0.15625883777098393,média,alta,Misto / avaliar caso a caso
520630,2021,40553.67994598245,3670.0,Goiás,-0.15625883777098393,média,baixa,Misto / avaliar caso a caso
521250,2021,25161.913857765147,221262.0,Goiás,-0.15625883777098393,baixa,alta,Atacarejo
522020,2021,31656.322943841824,22040.0,Goiás,-0.15625883777098393,média,alta,Misto / avaliar caso a caso
520551,2021,21009.099224880843,27196.0,Goiás,-0.15625883777098393,baixa,alta,Atacarejo
521260,2021,37449.957591178965,2631.0,Goiás,-0.15625883777098393,média,baixa,Misto / avaliar caso a caso
520549,2021,13531.544977813635,101570.0,Goiás,-0.15625883777098393,baixa,alta,Atacarejo
520547,2021,202721.12623877003,14321.0,Goiás,-0.15625883777098393,alta,média,Varejo tradicional
510010,2021,20557.54379355811,4948.0,Mato Grosso,-1.198470469704671,baixa,baixa,Risco (sem escala nem renda)
500840,2021,60803.92477514309,6505.0,Mato Grosso do Sul,2.4056746559722564,alta,média,Varejo tradicional
510630,2021,91860.43010752689,28870.0,Mato Grosso,-1.198470469704671,alta,alta,Varejo tradicional
510629,2021,70510.49508458065,12079.0,Mato Grosso,-1.198470469704671,alta,média,Varejo tradicional
520005,2021,38627.21118148067,22052.0,Goiás,-0.15625883777098393,média,alta,Misto / avaliar caso a caso
520660,2021,34354.60992907801,2951.0,Goiás,-0.15625883777098393,média,baixa,Misto / avaliar caso a caso
520650,2021,28795.835743204163,3999.0,Goiás,-0.15625883777098393,média,baixa,Misto / avaliar caso a caso
522026,2021,77160.29232643118,4671.0,Goiás,-0.15625883777098393,alta,baixa,"Varejo de nicho (renda alta, população pequena)"
500730,2021,27367.171080285836,4921.0,Mato Grosso do Sul,2.4056746559722564,baixa,baixa,Risco (sem escala nem renda)
500720,2021,84921.91844300278,40419.0,Mato Grosso do Sul,2.4056746559722564,alta,alta,Varejo tradicional
500640,2021,35538.18710359408,6910.0,Mato Grosso do Sul,2.4056746559722564,média,média,Misto / avaliar caso a caso
500635,2021,19622.255762897916,13368.0,Mato Grosso do Sul,2.4056746559722564,baixa,média,Atacarejo
521690,2021,90286.18266978922,2254.0,Goiás,-0.15625883777098393,alta,baixa,"Varejo de nicho (renda alta, população pequena)"
520540,2021,32789.70857321373,22570.0,Goiás,-0.15625883777098393,média,alta,Misto / avaliar caso a caso
510030,2021,59491.42741199148,17751.0,Mato Grosso,-1.198470469704671,alta,alta,Varejo tradicional
510627,2021,24938.805603342345,3267.0,Mato Grosso,-1.198470469704671,baixa,baixa,Risco (sem escala nem renda)
521470,2021,20699.83065198984,2380.0,Goiás,-0.15625883777098393,baixa,baixa,Risco (sem escala nem renda)
520030,2021,39779.830747531734,28244.0,Goiás,-0.15625883777098393,média,alta,Misto / avaliar caso a caso
520025,2021,11054.467130356743,245352.0,Goiás,-0.15625883777098393,baixa,alta,Atacarejo
521710,2021,50486.33011449293,25373.0,Goiás,-0.15625883777098393,média,alta,Misto / avaliar caso a caso
510890,2021,133028.26855123675,5705.0,Mato Grosso,-1.198470469704671,alta,baixa,"Varejo de nicho (renda alta, população pequena)"
500710,2021,77651.67917819043,24152.0,Mato Grosso do Sul,2.4056746559722564,alta,alta,Varejo tradicional
500690,2021,26582.187857961053,12721.0,Mato Grosso do Sul,2.4056746559722564,baixa,média,Atacarejo
521225,2021,31398.305084745763,1435.0,Goiás,-0.15625883777098393,média,baixa,Misto / avaliar caso a caso
510665,2021,17671.113023522663,7441.0,Mato Grosso,-1.198470469704671,baixa,média,Atacarejo
510680,2021,246772.64221556886,5705.0,Mato Grosso,-1.198470469704671,alta,baixa,"Varejo de nicho (renda alta, população pequena)"
510677,2021,44255.89540042027,12649.0,Mato Grosso,-1.198470469704671,média,média,Misto / avaliar caso a caso
510675,2021,52837.28445938618,55762.0,Mato Grosso,-1.198470469704671,alta,alta,Varejo tradicional
510631,2021,20448.537378114845,2041.0,Mato Grosso,-1.198470469704671,baixa,baixa,Risco (sem escala nem renda)
510020,2021,74985.38176093556,32099.0,Mato Grosso,-1.198470469704671,alta,alta,Varejo tradicional
521980,2021,15503.419767004885,9457.0,Goiás,-0.15625883777098393,baixa,média,Atacarejo
510040,2021,97181.85506775948,13956.0,Mato Grosso,-1.198470469704671,alta,média,Varejo tradicional
510035,2021,37225.04230118443,5920.0,Mato Grosso,-1.198470469704671,média,média,Misto / avaliar caso a caso
521990,2021,20846.448523543495,6507.0,Goiás,-0.15625883777098393,baixa,média,Atacarejo
521280,2021,31544.076239982674,10806.0,Goiás,-0.15625883777098393,média,média,Misto / avaliar caso a caso
521270,2021,11593.403039775789,8493.0,Goiás,-0.15625883777098393,baixa,média,Atacarejo
500580,2021,32424.604900681457,13354.0,Mato Grosso do Sul,2.4056746559722564,média,média,Misto / avaliar caso a caso
500627,2021,225455.39906103286,5842.0,Mato Grosso do Sul,2.4056746559722564,alta,média,Varejo tradicional
521220,2021,37968.13752326727,19926.0,Goiás,-0.15625883777098393,média,alta,Misto / avaliar caso a caso
520680,2021,17835.9375,2753.0,Goiás,-0.15625883777098393,baixa,baixa,Risco (sem escala nem renda)
520670,2021,13624.772864930344,3917.0,Goiás,-0.15625883777098393,baixa,baixa,Risco (sem escala nem renda)
522040,2021,67217.89098414485,17181.0,Goiás,-0.15625883777098393,alta,alta,Varejo tradicional
500660,2021,50057.7003776752,98598.0,Mato Grosso do Sul,2.4056746559722564,média,alta,Misto / avaliar caso a caso
521483,2021,48278.34101382489,13153.0,Goiás,-0.15625883777098393,média,média,Misto / avaliar caso a caso
510895,2021,39167.253333333334,8470.0,Mato Grosso,-1.198470469704671,média,média,Misto / avaliar caso a caso
520545,2021,43782.12417557425,8301.0,Goiás,-0.15625883777098393,média,média,Misto / avaliar caso a caso
510628,2021,178412.8592102543,7239.0,Mato Grosso,-1.198470469704671,alta,média,Varejo tradicional
520530,2021,39327.310061601645,9730.0,Goiás,-0.15625883777098393,média,média,Misto / avaliar caso a caso
520520,2021,19638.93219017927,5352.0,Goiás,-0.15625883777098393,baixa,baixa,Risco (sem escala nem renda)
521290,2021,30291.648254529387,2942.0,Goiás,-0.15625883777098393,média,baixa,Misto / avaliar caso a caso
521975,2021,10742.789868741138,75221.0,Goiás,-0.15625883777098393,baixa,alta,Atacarejo
510060,2021,113529.3086830807,11877.0,Mato Grosso,-1.198470469704671,alta,média,Varejo tradicional
510885,2021,126896.75870348139,3731.0,Mato Grosso,-1.198470469704671,alta,baixa,"Varejo de nicho (renda alta, população pequena)"
521630,2021,23159.3777516877,7356.0,Goiás,-0.15625883777098393,baixa,média,Atacarejo
510685,2021,29896.92197566213,3141.0,Mato Grosso,-1.198470469704671,média,baixa,Misto / avaliar caso a caso
510682,2021,25342.23061760841,10088.0,Mato Grosso,-1.198470469704671,baixa,média,Atacarejo
521210,2021,46131.185115275715,7247.0,Goiás,-0.15625883777098393,média,média,Misto / avaliar caso a caso
520710,2021,39103.35082761405,1991.0,Goiás,-0.15625883777098393,média,baixa,Misto / avaliar caso a caso
520690,2021,278465.61604584527,1889.0,Goiás,-0.15625883777098393,alta,baixa,"Varejo de nicho (renda alta, população pequena)"
500630,2021,37435.31992169996,42638.0,Mato Grosso do Sul,2.4056746559722564,média,alta,Misto / avaliar caso a caso
510050,2021,14379.045482005697,7525.0,Mato Grosso,-1.198470469704671,baixa,média,Atacarejo
510025,2021,40526.43700220708,62158.0,Mato Grosso,-1.198470469704671,média,alta,Misto / avaliar caso a caso
520510,2021,87689.47131071438,122760.0,Goiás,-0.15625883777098393,alta,alta,Varejo tradicional
520505,2021,27109.467455621303,2871.0,Goiás,-0.15625883777098393,baixa,baixa,Risco (sem escala nem renda)
520500,2021,47393.92173997476,9988.0,Goiás,-0.15625883777098393,média,média,Misto / avaliar caso a caso
521973,2021,23487.48672834825,8066.0,Goiás,-0.15625883777098393,baixa,média,Atacarejo
510100,2021,41305.80939947781,4005.0,Mato Grosso,-1.198470469704671,média,baixa,Misto / avaliar caso a caso
521460,2021,27448.601903790583,33890.0,Goiás,-0.15625883777098393,baixa,alta,Atacarejo
520055,2021,188391.40670982932,6487.0,Goiás,-0.15625883777098393,alta,média,Varejo tradicional
500570,2021,51370.919198357056,53014.0,Mato Grosso do Sul,2.4056746559722564,alta,alta,Varejo tradicional
522045,2021,39240.40939669156,175042.0,Goiás,-0.15625883777098393,média,alta,Misto / avaliar caso a caso
500625,2021,78491.84476940382,4801.0,Mato Grosso do Sul,2.4056746559722564,alta,baixa,"Varejo de nicho (renda alta, população pequena)"
500620,2021,58544.96316249532,50848.0,Mato Grosso do Sul,2.4056746559722564,alta,alta,Varejo tradicional
500600,2021,99390.73453215483,23409.0,Mato Grosso do Sul,2.4056746559722564,alta,alta,Varejo tradicional
521640,2021,141970.42227884964,10727.0,Goiás,-0.15625883777098393,alta,média,Varejo tradicional
521486,2021,17509.735830336103,8356.0,Goiás,-0.15625883777098393,baixa,média,Atacarejo
520050,2021,32258.603238866395,1977.0,Goiás,-0.15625883777098393,média,baixa,Misto / avaliar caso a caso
510125,2021,38357.3017917789,14805.0,Mato Grosso,-1.198470469704671,média,média,Misto / avaliar caso a caso
510120,2021,30830.58305830583,997.0,Mato Grosso,-1.198470469704671,média,baixa,Misto / avaliar caso a caso
510623,2021,35160.75888568684,16204.0,Mato Grosso,-1.198470469704671,média,alta,Misto / avaliar caso a caso
510622,2021,125181.2865497076,63455.0,Mato Grosso,-1.198470469704671,alta,alta,Varejo tradicional
521720,2021,59976.18344651117,11940.0,Goiás,-0.15625883777098393,alta,média,Varejo tradicional
510626,2021,50939.9685699319,6368.0,Mato Grosso,-1.198470469704671,alta,média,Varejo tradicional
510625,2021,47622.9545978336,25915.0,Mato Grosso,-1.198470469704671,média,alta,Misto / avaliar caso a caso
510624,2021,261775.53634325968,9760.0,Mato Grosso,-1.198470469704671,alta,média,Varejo tradicional
521295,2021,39497.570006942835,4004.0,Goiás,-0.15625883777098393,média,baixa,Misto / avaliar caso a caso
520495,2021,36932.503276539974,3822.0,Goiás,-0.15625883777098393,média,baixa,Misto / avaliar caso a caso
520490,2021,15669.94633273703,18227.0,Goiás,-0.15625883777098393,baixa,alta,Atacarejo
510160,2021,15258.17513778322,7137.0,Mato Grosso,-1.198470469704671,baixa,média,Atacarejo
510140,2021,62686.43516712186,26558.0,Mato Grosso,-1.198470469704671,alta,alta,Varejo tradicional
510080,2021,22412.999712395744,8693.0,Mato Grosso,-1.198470469704671,baixa,média,Atacarejo
522068,2021,25139.52139231327,5634.0,Goiás,-0.15625883777098393,baixa,baixa,Risco (sem escala nem renda)
510880,2021,37987.292943045155,4546.0,Mato Grosso,-1.198470469704671,média,baixa,Misto / avaliar caso a caso
521600,2021,42333.20463320463,2432.0,Goiás,-0.15625883777098393,média,baixa,Misto / avaliar caso a caso
520740,2021,73522.97157416992,11982.0,Goiás,-0.15625883777098393,alta,média,Varejo tradicional
520735,2021,110176.18270799347,4104.0,Goiás,-0.15625883777098393,alta,baixa,"Varejo de nicho (renda alta, população pequena)"
520725,2021,55883.049902425424,6823.0,Goiás,-0.15625883777098393,alta,média,Varejo tradicional
522050,2021,74695.31875929952,8237.0,Goiás,-0.15625883777098393,alta,média,Varejo tradicional
521971,2021,65700.98239869013,4279.0,Goiás,-0.15625883777098393,alta,baixa,"Varejo de nicho (renda alta, população pequena)"
520480,2021,107403.09487569761,7807.0,Goiás,-0.15625883777098393,alta,média,Varejo tradicional
521960,2021,27309.94699095728,3172.0,Goiás,-0.15625883777098393,baixa,baixa,Risco (sem escala nem renda)
510180,2021,41797.413373958705,73878.0,Mato Grosso,-1.198470469704671,média,alta,Misto / avaliar caso a caso
520082,2021,28153.032258064515,3267.0,Goiás,-0.15625883777098393,baixa,baixa,Risco (sem escala nem renda)
520080,2021,19791.17613441536,8619.0,Goiás,-0.15625883777098393,baixa,média,Atacarejo
520060,2021,38322.66804283318,11182.0,Goiás,-0.15625883777098393,média,média,Misto / avaliar caso a caso
510710,2021,23869.597615499253,17721.0,Mato Grosso,-1.198470469704671,baixa,alta,Atacarejo
520753,2021,25680.710893212807,7167.0,Goiás,-0.15625883777098393,baixa,média,Atacarejo
520750,2021,22997.54073163234,3214.0,Goiás,-0.15625883777098393,baixa,baixa,Risco (sem escala nem renda)
521205,2021,15889.066880256307,2112.0,Goiás,-0.15625883777098393,baixa,baixa,Risco (sem escala nem renda)
500568,2021,50717.99978469157,20087.0,Mato Grosso do Sul,2.4056746559722564,média,alta,Misto / avaliar caso a caso
522060,2021,62833.699493743436,23150.0,Goiás,-0.15625883777098393,alta,alta,Varejo tradicional
500560,2021,22221.510748337612,26512.0,Mato Grosso do Sul,2.4056746559722564,baixa,alta,Atacarejo
500515,2021,70506.1944322985,7067.0,Mato Grosso do Sul,2.4056746559722564,alta,média,Varejo tradicional
500510,2021,118266.500622665,3596.0,Mato Grosso do Sul,2.4056746559722564,alta,baixa,"Varejo de nicho (renda alta, população pequena)"
520800,2021,25839.043793007437,121559.0,Goiás,-0.15625883777098393,baixa,alta,Atacarejo
500540,2021,92301.95733899968,48073.0,Mato Grosso do Sul,2.4056746559722564,alta,alta,Varejo tradicional
500525,2021,146383.6712913554,7037.0,Mato Grosso do Sul,2.4056746559722564,alta,média,Varejo tradicional
522070,2021,24976.315789473683,2978.0,Goiás,-0.15625883777098393,baixa,baixa,Risco (sem escala nem renda)
521200,2021,29252.90186422793,2939.0,Goiás,-0.15625883777098393,média,baixa,Misto / avaliar caso a caso
510704,2021,109036.49257937254,96006.0,Mato Grosso,-1.198470469704671,alta,alta,Varejo tradicional
510700,2021,67625.50200803213,25103.0,Mato Grosso,-1.198470469704671,alta,alta,Varejo tradicional
510715,2021,17228.03195352215,2020.0,Mato Grosso,-1.198470469704671,baixa,baixa,Risco (sem escala nem renda)
521590,2021,61505.310229178314,3959.0,Goiás,-0.15625883777098393,alta,baixa,"Varejo de nicho (renda alta, população pequena)"
521730,2021,25394.08359108573,28028.0,Goiás,-0.15625883777098393,baixa,alta,Atacarejo
510170,2021,44014.701756354865,29406.0,Mato Grosso,-1.198470469704671,média,alta,Misto / avaliar caso a caso
521970,2021,22760.195564035297,10837.0,Goiás,-0.15625883777098393,baixa,média,Atacarejo
521950,2021,31053.636363636364,2828.0,Goiás,-0.15625883777098393,média,baixa,Misto / avaliar caso a caso
510190,2021,101456.12755821302,17645.0,Mato Grosso,-1.198470469704671,alta,alta,Varejo tradicional
510185,2021,112607.02781844803,7912.0,Mato Grosso,-1.198470469704671,alta,média,Varejo tradicional
510130,2021,24706.458133844026,10769.0,Mato Grosso,-1.198470469704671,baixa,média,Atacarejo
521300,2021,17018.32784184514,10145.0,Goiás,-0.15625883777098393,baixa,média,Atacarejo
520485,2021,20418.325707926302,8579.0,Goiás,-0.15625883777098393,baixa,média,Atacarejo
510263,2021,187181.65073001597,51722.0,Mato Grosso,-1.198470469704671,alta,alta,Varejo tradicional
510260,2021,26952.96800838316,15808.0,Mato Grosso,-1.198470469704671,baixa,alta,Atacarejo
520090,2021,39495.1843241448,2906.0,Goiás,-0.15625883777098393,média,baixa,Misto / avaliar caso a caso
520085,2021,14697.5884244373,5260.0,Goiás,-0.15625883777098393,baixa,baixa,Risco (sem escala nem renda)
521450,2021,33017.65219359219,34273.0,Goiás,-0.15625883777098393,média,alta,Misto / avaliar caso a caso
510621,2021,70604.3025784405,11734.0,Mato Grosso,-1.198470469704671,alta,média,Varejo tradicional
521740,2021,44036.94882321602,33736.0,Goiás,-0.15625883777098393,média,alta,Misto / avaliar caso a caso
510718,2021,72418.75598086124,10541.0,Mato Grosso,-1.198470469704671,alta,média,Varejo tradicional
510706,2021,231657.83748504295,31100.0,Mato Grosso,-1.198470469704671,alta,alta,Varejo tradicional
521190,2021,77475.09712170972,111634.0,Goiás,-0.15625883777098393,alta,alta,Varejo tradicional
520780,2021,20004.55748309321,10274.0,Goiás,-0.15625883777098393,baixa,média,Atacarejo
520760,2021,27858.892341436665,5842.0,Goiás,-0.15625883777098393,baixa,média,Atacarejo
500520,2021,15433.77703826955,22425.0,Mato Grosso do Sul,2.4056746559722564,baixa,alta,Atacarejo
520810,2021,27254.02635431918,4662.0,Goiás,-0.15625883777098393,baixa,baixa,Risco (sem escala nem renda)
510835,2021,24688.86043533931,2892.0,Mato Grosso,-1.198470469704671,baixa,baixa,Risco (sem escala nem renda)
520790,2021,14411.254665518232,14273.0,Goiás,-0.15625883777098393,baixa,média,Atacarejo
522100,2021,25475.470621791213,4180.0,Goiás,-0.15625883777098393,baixa,baixa,Risco (sem escala nem renda)
500500,2021,35264.37914691943,24504.0,Mato Grosso do Sul,2.4056746559722564,média,alta,Misto / avaliar caso a caso
500490,2021,50530.37319531463,7480.0,Mato Grosso do Sul,2.4056746559722564,média,média,Misto / avaliar caso a caso
521487,2021,20917.659067710105,3084.0,Goiás,-0.15625883777098393,baixa,baixa,Risco (sem escala nem renda)
510860,2021,32624.953610925553,19686.0,Mato Grosso,-1.198470469704671,média,alta,Misto / avaliar caso a caso
510850,2021,110125.64998721337,10758.0,Mato Grosso,-1.198470469704671,alta,média,Varejo tradicional
510719,2021,77477.65477654776,2733.0,Mato Grosso,-1.198470469704671,alta,baixa,"Varejo de nicho (renda alta, população pequena)"
510620,2021,29844.091903719913,3791.0,Mato Grosso,-1.198470469704671,média,baixa,Misto / avaliar caso a caso
510250,2021,23749.96591111717,91767.0,Mato Grosso,-1.198470469704671,baixa,alta,Atacarejo
521308,2021,45471.386492741425,26616.0,Goiás,-0.15625883777098393,média,alta,Misto / avaliar caso a caso
520460,2021,19867.285636264336,3879.0,Goiás,-0.15625883777098393,baixa,baixa,Risco (sem escala nem renda)
520455,2021,21706.923076923078,4819.0,Goiás,-0.15625883777098393,baixa,baixa,Risco (sem escala nem renda)
520450,2021,31531.555004570142,106820.0,Goiás,-0.15625883777098393,média,alta,Misto / avaliar caso a caso
521945,2021,32691.713691713692,2611.0,Goiás,-0.15625883777098393,média,baixa,Misto / avaliar caso a caso
510268,2021,455824.8447204969,9946.0,Mato Grosso,-1.198470469704671,alta,média,Varejo tradicional
521305,2021,96144.46601941748,2626.0,Goiás,-0.15625883777098393,alta,baixa,"Varejo de nicho (renda alta, população pequena)"
520470,2021,25857.375776397515,12983.0,Goiás,-0.15625883777098393,baixa,média,Atacarejo
520860,2021,26211.950864043305,78009.0,Goiás,-0.15625883777098393,baixa,alta,Atacarejo
500460,2021,58270.59803740048,20060.0,Mato Grosso do Sul,2.4056746559722564,alta,alta,Varejo tradicional
500450,2021,44121.39885391318,25263.0,Mato Grosso do Sul,2.4056746559722564,média,alta,Misto / avaliar caso a caso
522108,2021,11061.616732617298,2660.0,Goiás,-0.15625883777098393,baixa,baixa,Risco (sem escala nem renda)
500480,2021,17610.96884336321,8441.0,Mato Grosso do Sul,2.4056746559722564,baixa,média,Atacarejo
500470,2021,62792.79975941917,30001.0,Mato Grosso do Sul,2.4056746559722564,alta,alta,Varejo tradicional
521490,2021,20757.16957605985,3022.0,Goiás,-0.15625883777098393,baixa,baixa,Risco (sem escala nem renda)
510840,2021,34148.114731234265,318922.0,Mato Grosso,-1.198470469704671,média,alta,Misto / avaliar caso a caso
520465,2021,30465.27012127894,3760.0,Goiás,-0.15625883777098393,média,baixa,Misto / avaliar caso a caso
510269,2021,56710.88940776905,4451.0,Mato Grosso,-1.198470469704671,alta,baixa,"Varejo de nicho (renda alta, população pequena)"
510615,2021,21386.86768003987,14340.0,Mato Grosso,-1.198470469704671,baixa,média,Atacarejo
510610,2021,29617.963797449018,11658.0,Mato Grosso,-1.198470469704671,média,média,Misto / avaliar caso a caso
521760,2021,15909.68306968088,112304.0,Goiás,-0.15625883777098393,baixa,alta,Atacarejo
510619,2021,88741.94407456725,4502.0,Mato Grosso,-1.198470469704671,alta,baixa,"Varejo de nicho (renda alta, população pequena)"
510618,2021,64942.13671476461,7072.0,Mato Grosso,-1.198470469704671,alta,média,Varejo tradicional
522130,2021,22572.791519434628,2976.0,Goiás,-0.15625883777098393,baixa,baixa,Risco (sem escala nem renda)
510726,2021,51053.729456384324,2416.0,Mato Grosso,-1.198470469704671,alta,baixa,"Varejo de nicho (renda alta, população pequena)"
500410,2021,35906.089809309,10116.0,Mato Grosso do Sul,2.4056746559722564,média,média,Misto / avaliar caso a caso
521180,2021,17635.0268404908,46633.0,Goiás,-0.15625883777098393,baixa,alta,Atacarejo
520830,2021,19510.742395235055,4405.0,Goiás,-0.15625883777098393,baixa,baixa,Risco (sem escala nem renda)
520815,2021,79669.89548814682,3563.0,Goiás,-0.15625883777098393,alta,baixa,"Varejo de nicho (renda alta, população pequena)"
522119,2021,25353.350948834974,8340.0,Goiás,-0.15625883777098393,baixa,média,Atacarejo
521770,2021,40072.685624895246,18763.0,Goiás,-0.15625883777098393,média,alta,Misto / avaliar caso a caso
521440,2021,29539.306666666667,8349.0,Goiás,-0.15625883777098393,média,média,Misto / avaliar caso a caso
520430,2021,55243.6308623298,14034.0,Goiás,-0.15625883777098393,alta,média,Varejo tradicional
510300,2021,53926.46862927934,19458.0,Mato Grosso,-1.198470469704671,alta,alta,Varejo tradicional
521935,2021,32240.512954723894,3543.0,Goiás,-0.15625883777098393,média,baixa,Misto / avaliar caso a caso
510285,2021,24490.77658847643,7392.0,Mato Grosso,-1.198470469704671,baixa,média,Atacarejo
510267,2021,113388.64033792837,49053.0,Mato Grosso,-1.198470469704671,alta,alta,Varejo tradicional
510279,2021,29655.339805825242,10260.0,Mato Grosso,-1.198470469704671,média,média,Misto / avaliar caso a caso
521580,2021,23410.57934508816,2266.0,Goiás,-0.15625883777098393,baixa,baixa,Risco (sem escala nem renda)
510830,2021,145934.008683068,3904.0,Mato Grosso,-1.198470469704671,alta,baixa,"Varejo de nicho (renda alta, população pequena)"
520850,2021,35789.38053097345,4962.0,Goiás,-0.15625883777098393,média,baixa,Misto / avaliar caso a caso
520840,2021,26247.65980208612,14758.0,Goiás,-0.15625883777098393,baixa,média,Atacarejo
500440,2021,53678.6941580756,8764.0,Mato Grosso do Sul,2.4056746559722564,alta,média,Varejo tradicional
500430,2021,48435.50666748602,13960.0,Mato Grosso do Sul,2.4056746559722564,média,média,Misto / avaliar caso a caso
500375,2021,42154.013015184384,11622.0,Mato Grosso do Sul,2.4056746559722564,média,média,Misto / avaliar caso a caso
500370,2021,53950.38817491995,264017.0,Mato Grosso do Sul,2.4056746559722564,alta,alta,Varejo tradicional
500400,2021,28196.194886249246,10817.0,Mato Grosso do Sul,2.4056746559722564,baixa,média,Atacarejo
510270,2021,132634.85815121487,28324.0,Mato Grosso,-1.198470469704671,alta,alta,Varejo tradicional
510617,2021,35026.66334413157,4575.0,Mato Grosso,-1.198470469704671,média,baixa,Misto / avaliar caso a caso
521940,2021,22499.670691547748,5765.0,Goiás,-0.15625883777098393,baixa,baixa,Risco (sem escala nem renda)
521310,2021,47338.81716251421,74999.0,Goiás,-0.15625883777098393,média,alta,Misto / avaliar caso a caso
520425,2021,8691.384269100912,7762.0,Goiás,-0.15625883777098393,baixa,média,Atacarejo
520420,2021,29101.79640718563,1417.0,Goiás,-0.15625883777098393,média,baixa,Misto / avaliar caso a caso
520410,2021,21935.684808845286,11854.0,Goiás,-0.15625883777098393,baixa,média,Atacarejo
521930,2021,41606.64236948822,39601.0,Goiás,-0.15625883777098393,média,alta,Misto / avaliar caso a caso
522145,2021,20058.049756934517,3080.0,Goiás,-0.15625883777098393,baixa,baixa,Risco (sem escala nem renda)
500390,2021,46357.79517286367,3751.0,Mato Grosso do Sul,2.4056746559722564,média,baixa,Misto / avaliar caso a caso
500380,2021,36502.871762740186,21504.0,Mato Grosso do Sul,2.4056746559722564,média,alta,Misto / avaliar caso a caso
510724,2021,224409.78260869565,5795.0,Mato Grosso,-1.198470469704671,alta,média,Varejo tradicional
510720,2021,20825.33514668739,4440.0,Mato Grosso,-1.198470469704671,baixa,baixa,Risco (sem escala nem renda)
521570,2021,59196.32291492562,34375.0,Goiás,-0.15625883777098393,alta,alta,Varejo tradicional
510730,2021,68640.15736967823,14455.0,Mato Grosso,-1.198470469704671,alta,média,Varejo tradicional
510729,2021,14369.088249634326,2716.0,Mato Grosso,-1.198470469704671,baixa,baixa,Risco (sem escala nem renda)
510310,2021,52072.77816655004,6495.0,Mato Grosso,-1.198470469704671,alta,média,Varejo tradicional
520440,2021,42567.08454206382,16628.0,Goiás,-0.15625883777098393,média,alta,Misto / avaliar caso a caso
510305,2021,86589.23650510618,9301.0,Mato Grosso,-1.198470469704671,alta,média,Varejo tradicional
521925,2021,46586.57117278424,5047.0,Goiás,-0.15625883777098393,média,baixa,Misto / avaliar caso a caso
510325,2021,20648.66113772892,26026.0,Mato Grosso,-1.198470469704671,baixa,alta,Atacarejo
510320,2021,37491.83281642298,32054.0,Mato Grosso,-1.198470469704671,média,alta,Misto / avaliar caso a caso
521340,2021,36203.26308633583,1687.0,Goiás,-0.15625883777098393,média,baixa,Misto / avaliar caso a caso
521410,2021,23054.414510536142,3540.0,Goiás,-0.15625883777098393,baixa,baixa,Risco (sem escala nem renda)
520120,2021,18532.877882152006,913.0,Goiás,-0.15625883777098393,baixa,baixa,Risco (sem escala nem renda)
510735,2021,165541.26815444563,6234.0,Mato Grosso,-1.198470469704671,alta,média,Varejo tradicional
520880,2021,23830.00561822032,81495.0,Goiás,-0.15625883777098393,baixa,alta,Atacarejo
521160,2021,60843.13725490196,2731.0,Goiás,-0.15625883777098393,alta,baixa,"Varejo de nicho (renda alta, população pequena)"
520870,2021,38486.4350428702,1503256.0,Goiás,-0.15625883777098393,média,alta,Misto / avaliar caso a caso
521170,2021,71128.6452257957,6365.0,Goiás,-0.15625883777098393,alta,média,Varejo tradicional
522140,2021,20202.672605790645,153560.0,Goiás,-0.15625883777098393,baixa,alta,Atacarejo
520910,2021,63242.19547031218,36984.0,Goiás,-0.15625883777098393,alta,alta,Varejo tradicional
520890,2021,34525.7662055872,24172.0,Goiás,-0.15625883777098393,média,alta,Misto / avaliar caso a caso
520110,2021,44863.32295990679,420300.0,Goiás,-0.15625883777098393,média,alta,Misto / avaliar caso a caso
521800,2021,31183.3166179741,45512.0,Goiás,-0.15625883777098393,média,alta,Misto / avaliar caso a caso
510600,2021,55588.084670536016,5890.0,Mato Grosso,-1.198470469704671,alta,média,Varejo tradicional
510590,2021,72713.40986172711,15796.0,Mato Grosso,-1.198470469704671,alta,alta,Varejo tradicional
520400,2021,58776.36453445295,7689.0,Goiás,-0.15625883777098393,alta,média,Varejo tradicional
520396,2021,27174.816625916872,3140.0,Goiás,-0.15625883777098393,baixa,baixa,Risco (sem escala nem renda)
521920,2021,106131.56002875628,3004.0,Goiás,-0.15625883777098393,alta,baixa,"Varejo de nicho (renda alta, população pequena)"
510335,2021,47914.82728519766,38460.0,Mato Grosso,-1.198470469704671,média,alta,Misto / avaliar caso a caso
520920,2021,24477.333521047443,20985.0,Goiás,-0.15625883777098393,baixa,alta,Atacarejo
500350,2021,35616.92946058091,5768.0,Mato Grosso do Sul,2.4056746559722564,média,média,Misto / avaliar caso a caso
500348,2021,26926.73421667966,11521.0,Mato Grosso do Sul,2.4056746559722564,baixa,média,Atacarejo
521500,2021,19354.94947512999,9883.0,Goiás,-0.15625883777098393,baixa,média,Atacarejo
510820,2021,60606.251792371666,4238.0,Mato Grosso,-1.198470469704671,alta,baixa,"Varejo de nicho (renda alta, população pequena)"
521520,2021,30719.63963963964,3567.0,Goiás,-0.15625883777098393,média,baixa,Misto / avaliar caso a caso
521565,2021,49917.00288184438,3113.0,Goiás,-0.15625883777098393,média,baixa,Misto / avaliar caso a caso
510740,2021,14360.978643997512,4250.0,Mato Grosso,-1.198470469704671,baixa,baixa,Risco (sem escala nem renda)
510330,2021,59208.29215492494,18469.0,Mato Grosso,-1.198470469704671,alta,alta,Varejo tradicional
520393,2021,23104.70779220779,2800.0,Goiás,-0.15625883777098393,baixa,baixa,Risco (sem escala nem renda)
521350,2021,13732.389542185181,6534.0,Goiás,-0.15625883777098393,baixa,média,Atacarejo
520390,2021,49159.01208617972,10930.0,Goiás,-0.15625883777098393,média,média,Misto / avaliar caso a caso
510340,2021,47695.72524029287,691875.0,Mato Grosso,-1.198470469704671,média,alta,Misto / avaliar caso a caso
521910,2021,23000.447694373976,6306.0,Goiás,-0.15625883777098393,baixa,média,Atacarejo
520140,2021,28215.265085304498,556021.0,Goiás,-0.15625883777098393,baixa,alta,Atacarejo
521560,2021,30054.497158036047,37207.0,Goiás,-0.15625883777098393,média,alta,Misto / avaliar caso a caso
500320,2021,34145.72775120042,98751.0,Mato Grosso do Sul,2.4056746559722564,média,alta,Misto / avaliar caso a caso
522157,2021,27371.862849063273,2798.0,Goiás,-0.15625883777098393,baixa,baixa,Risco (sem escala nem renda)
522150,2021,45161.73221387539,4449.0,Goiás,-0.15625883777098393,média,baixa,Misto / avaliar caso a caso
500345,2021,35367.246799049295,14317.0,Mato Grosso do Sul,2.4056746559722564,média,média,Misto / avaliar caso a caso
500330,2021,36539.33287626315,33440.0,Mato Grosso do Sul,2.4056746559722564,média,alta,Misto / avaliar caso a caso
521150,2021,49835.855678787026,113322.0,Goiás,-0.15625883777098393,média,alta,Misto / avaliar caso a caso
500295,2021,100195.29038831654,34606.0,Mato Grosso do Sul,2.4056746559722564,alta,alta,Varejo tradicional
521140,2021,24448.70651204282,7636.0,Goiás,-0.15625883777098393,baixa,média,Atacarejo
520130,2021,23181.476959254738,18306.0,Goiás,-0.15625883777098393,baixa,alta,Atacarejo
510345,2021,55014.751714107624,6675.0,Mato Grosso,-1.198470469704671,alta,média,Varejo tradicional
510343,2021,23509.39813935827,4970.0,Mato Grosso,-1.198470469704671,baixa,baixa,Risco (sem escala nem renda)
521370,2021,62064.94960806271,9024.0,Goiás,-0.15625883777098393,alta,média,Varejo tradicional
510558,2021,66738.39912931631,11355.0,Mato Grosso,-1.198470469704671,alta,média,Varejo tradicional
510550,2021,38936.5708018523,17592.0,Mato Grosso,-1.198470469704671,média,alta,Misto / avaliar caso a caso
521805,2021,55915.55667253079,4276.0,Goiás,-0.15625883777098393,alta,baixa,"Varejo de nicho (renda alta, população pequena)"
510562,2021,29698.4538830638,27637.0,Mato Grosso,-1.198470469704671,média,alta,Misto / avaliar caso a caso
510560,2021,75383.44008932244,21959.0,Mato Grosso,-1.198470469704671,alta,alta,Varejo tradicional
521550,2021,111013.77810007252,7665.0,Goiás,-0.15625883777098393,alta,média,Varejo tradicional
520915,2021,27880.184331797234,4313.0,Goiás,-0.15625883777098393,baixa,baixa,Risco (sem escala nem renda)
522155,2021,104002.01946025334,5171.0,Goiás,-0.15625883777098393,alta,baixa,"Varejo de nicho (renda alta, população pequena)"
500325,2021,119134.92729306487,28740.0,Mato Grosso do Sul,2.4056746559722564,alta,alta,Varejo tradicional
510810,2021,83161.393246477,2935.0,Mato Grosso,-1.198470469704671,alta,baixa,"Varejo de nicho (renda alta, população pequena)"
510805,2021,54097.69495906937,10591.0,Mato Grosso,-1.198470469704671,alta,média,Varejo tradicional
510800,2021,139612.16968011126,15638.0,Mato Grosso,-1.198470469704671,alta,média,Varejo tradicional
521405,2021,39836.12334801762,6202.0,Goiás,-0.15625883777098393,média,média,Misto / avaliar caso a caso
520380,2021,34071.367153912295,5798.0,Goiás,-0.15625883777098393,média,média,Misto / avaliar caso a caso
520360,2021,24618.835257082897,4201.0,Goiás,-0.15625883777098393,baixa,baixa,Risco (sem escala nem renda)
521375,2021,115138.42841765338,13094.0,Goiás,-0.15625883777098393,alta,média,Varejo tradicional
510370,2021,70373.40876944838,10523.0,Mato Grosso,-1.198470469704671,alta,média,Varejo tradicional
510360,2021,83255.71905527389,7890.0,Mato Grosso,-1.198470469704671,alta,média,Varejo tradicional
510337,2021,15658.203407829318,10030.0,Mato Grosso,-1.198470469704671,baixa,média,Atacarejo
510336,2021,34390.82392505405,3908.0,Mato Grosso,-1.198470469704671,média,baixa,Misto / avaliar caso a caso
520970,2021,58989.837127768165,30587.0,Goiás,-0.15625883777098393,alta,alta,Varejo tradicional
510760,2021,72176.3259923293,263708.0,Mato Grosso,-1.198470469704671,alta,alta,Varejo tradicional
521130,2021,44277.49761482895,6124.0,Goiás,-0.15625883777098393,média,média,Misto / avaliar caso a caso
520940,2021,22652.986056300975,4091.0,Goiás,-0.15625883777098393,baixa,baixa,Risco (sem escala nem renda)
520929,2021,27394.225721784776,2170.0,Goiás,-0.15625883777098393,baixa,baixa,Risco (sem escala nem renda)
500315,2021,21760.50229788336,14685.0,Mato Grosso do Sul,2.4056746559722564,baixa,média,Atacarejo
500310,2021,23486.521597921404,4892.0,Mato Grosso do Sul,2.4056746559722564,baixa,baixa,Risco (sem escala nem renda)
510757,2021,28101.499139837797,3518.0,Mato Grosso,-1.198470469704671,baixa,baixa,Risco (sem escala nem renda)
521900,2021,28516.644823066843,8085.0,Goiás,-0.15625883777098393,baixa,média,Atacarejo
520350,2021,47170.85427135678,24925.0,Goiás,-0.15625883777098393,média,alta,Misto / avaliar caso a caso
521890,2021,28280.431740955428,20186.0,Goiás,-0.15625883777098393,baixa,alta,Atacarejo
510385,2021,163130.2919246809,9397.0,Mato Grosso,-1.198470469704671,alta,média,Varejo tradicional
521400,2021,63761.21166884369,15199.0,Goiás,-0.15625883777098393,alta,média,Varejo tradicional
520150,2021,92769.33895921237,4488.0,Goiás,-0.15625883777098393,alta,baixa,"Varejo de nicho (renda alta, população pequena)"
520145,2021,44500.404203718674,3045.0,Goiás,-0.15625883777098393,média,baixa,Misto / avaliar caso a caso
520980,2021,25436.8115942029,3477.0,Goiás,-0.15625883777098393,baixa,baixa,Risco (sem escala nem renda)
510774,2021,118720.74074074074,2904.0,Mato Grosso,-1.198470469704671,alta,baixa,"Varejo de nicho (renda alta, população pequena)"
510770,2021,31471.204188481675,15041.0,Mato Grosso,-1.198470469704671,média,média,Misto / avaliar caso a caso
500260,2021,44448.26325411334,13928.0,Mato Grosso do Sul,2.4056746559722564,média,média,Misto / avaliar caso a caso
522160,2021,31591.567436208992,44533.0,Goiás,-0.15625883777098393,média,alta,Misto / avaliar caso a caso
500290,2021,32286.67905543217,21565.0,Mato Grosso do Sul,2.4056746559722564,média,alta,Misto / avaliar caso a caso
500280,2021,27957.259484552585,5096.0,Mato Grosso do Sul,2.4056746559722564,baixa,baixa,Risco (sem escala nem renda)
521810,2021,91096.9742063492,3191.0,Goiás,-0.15625883777098393,alta,baixa,"Varejo de nicho (renda alta, população pequena)"
510523,2021,39216.77873839257,4662.0,Mato Grosso,-1.198470469704671,média,baixa,Misto / avaliar caso a caso
510380,2021,24509.82116681325,3056.0,Mato Grosso,-1.198470469704671,baixa,baixa,Risco (sem escala nem renda)
521880,2021,65952.47089084725,241494.0,Goiás,-0.15625883777098393,alta,alta,Varejo tradicional
510395,2021,29837.79264214047,2878.0,Mato Grosso,-1.198470469704671,média,baixa,Misto / avaliar caso a caso
510390,2021,84125.91687041565,6319.0,Mato Grosso,-1.198470469704671,alta,média,Varejo tradicional
510350,2021,257575.00784366456,22623.0,Mato Grosso,-1.198470469704671,alta,alta,Varejo tradicional
520357,2021,34210.0895392007,3289.0,Goiás,-0.15625883777098393,média,baixa,Misto / avaliar caso a caso
520355,2021,11972.233201581028,11025.0,Goiás,-0.15625883777098393,baixa,média,Atacarejo
510450,2021,36912.33071988596,2172.0,Mato Grosso,-1.198470469704671,média,baixa,Misto / avaliar caso a caso
510420,2021,46194.853875476496,10252.0,Mato Grosso,-1.198470469704671,média,média,Misto / avaliar caso a caso
521390,2021,32001.21359223301,4626.0,Goiás,-0.15625883777098393,média,baixa,Misto / avaliar caso a caso
520170,2021,13608.819206271435,18601.0,Goiás,-0.15625883777098393,baixa,alta,Atacarejo
520160,2021,21307.246376811596,3840.0,Goiás,-0.15625883777098393,baixa,baixa,Risco (sem escala nem renda)
510530,2021,20215.127701375244,2616.0,Mato Grosso,-1.198470469704671,baixa,baixa,Risco (sem escala nem renda)
510776,2021,343147.9733481399,3536.0,Mato Grosso,-1.198470469704671,alta,baixa,"Varejo de nicho (renda alta, população pequena)"
521120,2021,21628.51115365082,26553.0,Goiás,-0.15625883777098393,baixa,alta,Atacarejo
520960,2021,22418.492784607162,3342.0,Goiás,-0.15625883777098393,baixa,baixa,Risco (sem escala nem renda)
520945,2021,38284.35455086258,2154.0,Goiás,-0.15625883777098393,média,baixa,Misto / avaliar caso a caso
522170,2021,21340.6306632838,13857.0,Goiás,-0.15625883777098393,baixa,média,Atacarejo
500270,2021,38414.6949621234,962883.0,Mato Grosso do Sul,2.4056746559722564,média,alta,Misto / avaliar caso a caso
521100,2021,50751.82648401827,8133.0,Goiás,-0.15625883777098393,média,média,Misto / avaliar caso a caso
520990,2021,15937.530777347873,10289.0,Goiás,-0.15625883777098393,baixa,média,Atacarejo
520993,2021,37856.57370517928,6076.0,Goiás,-0.15625883777098393,média,média,Misto / avaliar caso a caso
500240,2021,63444.86373165619,32748.0,Mato Grosso do Sul,2.4056746559722564,alta,alta,Varejo tradicional
500230,2021,70459.5690747782,11833.0,Mato Grosso do Sul,2.4056746559722564,alta,média,Varejo tradicional
500220,2021,50447.16753716352,25034.0,Mato Grosso do Sul,2.4056746559722564,média,alta,Misto / avaliar caso a caso
521523,2021,9646.992452924806,107663.0,Goiás,-0.15625883777098393,baixa,alta,Atacarejo
510795,2021,51888.507957744514,114603.0,Mato Grosso,-1.198470469704671,alta,alta,Varejo tradicional
510794,2021,141046.27551565671,9895.0,Mato Grosso,-1.198470469704671,alta,média,Varejo tradicional
510777,2021,35164.268164268164,7737.0,Mato Grosso,-1.198470469704671,média,média,Misto / avaliar caso a caso
510525,2021,98910.1921890026,95792.0,Mato Grosso,-1.198470469704671,alta,alta,Varejo tradicional
510410,2021,30162.518181069732,31209.0,Mato Grosso,-1.198470469704671,média,alta,Misto / avaliar caso a caso
521380,2021,39560.664465978065,54326.0,Goiás,-0.15625883777098393,média,alta,Misto / avaliar caso a caso
520320,2021,135157.69131667097,10853.0,Goiás,-0.15625883777098393,alta,média,Varejo tradicional
520310,2021,22749.538575119972,3306.0,Goiás,-0.15625883777098393,baixa,baixa,Risco (sem escala nem renda)
521870,2021,17225.579470198674,3893.0,Goiás,-0.15625883777098393,baixa,baixa,Risco (sem escala nem renda)
510454,2021,102620.19914651493,8257.0,Mato Grosso,-1.198470469704671,alta,média,Varejo tradicional
521377,2021,23985.235786690173,3743.0,Goiás,-0.15625883777098393,baixa,baixa,Risco (sem escala nem renda)
520340,2021,28913.7118491921,7775.0,Goiás,-0.15625883777098393,média,média,Misto / avaliar caso a caso
510780,2021,47710.14661391669,16839.0,Mato Grosso,-1.198470469704671,média,alta,Misto / avaliar caso a caso
500190,2021,44669.64436917866,24222.0,Mato Grosso do Sul,2.4056746559722564,média,alta,Misto / avaliar caso a caso
500150,2021,107143.79892871858,8342.0,Mato Grosso do Sul,2.4056746559722564,alta,média,Varejo tradicional
522180,2021,53932.59162303665,3700.0,Goiás,-0.15625883777098393,alta,baixa,"Varejo de nicho (renda alta, população pequena)"
500215,2021,42625.09612919764,8887.0,Mato Grosso do Sul,2.4056746559722564,média,média,Misto / avaliar caso a caso
500210,2021,37502.53602769503,21881.0,Mato Grosso do Sul,2.4056746559722564,média,alta,Misto / avaliar caso a caso
521000,2021,26211.257105581957,53884.0,Goiás,-0.15625883777098393,baixa,alta,Atacarejo
520995,2021,41119.220649041476,17985.0,Goiás,-0.15625883777098393,média,alta,Misto / avaliar caso a caso
520330,2021,47770.09418139595,37305.0,Goiás,-0.15625883777098393,média,alta,Misto / avaliar caso a caso
510455,2021,116095.87143252979,5201.0,Mato Grosso,-1.198470469704671,alta,baixa,"Varejo de nicho (renda alta, população pequena)"
521385,2021,24734.776725304466,2505.0,Goiás,-0.15625883777098393,baixa,baixa,Risco (sem escala nem renda)
510510,2021,38709.369241672575,36089.0,Mato Grosso,-1.198470469704671,média,alta,Misto / avaliar caso a caso
510500,2021,41633.87847678166,7881.0,Mato Grosso,-1.198470469704671,média,média,Misto / avaliar caso a caso
510520,2021,47518.42862279755,11622.0,Mato Grosso,-1.198470469704671,média,média,Misto / avaliar caso a caso
521830,2021,18554.55648138382,36291.0,Goiás,-0.15625883777098393,baixa,alta,Atacarejo
510517,2021,17718.101243233596,10057.0,Mato Grosso,-1.198470469704671,baixa,média,Atacarejo
522200,2021,60904.031800113575,15644.0,Goiás,-0.15625883777098393,alta,alta,Varejo tradicional
500200,2021,53113.12456016889,10947.0,Mato Grosso do Sul,2.4056746559722564,alta,média,Varejo tradicional
522185,2021,16873.082176189393,218416.0,Goiás,-0.15625883777098393,baixa,alta,Atacarejo
510775,2021,29229.38623682579,3657.0,Mato Grosso,-1.198470469704671,média,baixa,Misto / avaliar caso a caso
510792,2021,131893.51281322085,124665.0,Mato Grosso,-1.198470469704671,alta,alta,Varejo tradicional
510790,2021,64602.53088077336,223780.0,Mato Grosso,-1.198470469704671,alta,alta,Varejo tradicional
510788,2021,44198.82697947214,1941.0,Mato Grosso,-1.198470469704671,média,baixa,Misto / avaliar caso a caso
521530,2021,59251.736768978146,17035.0,Goiás,-0.15625883777098393,alta,alta,Varejo tradicional
510515,2021,32357.125515901917,48396.0,Mato Grosso,-1.198470469704671,média,alta,Misto / avaliar caso a caso
520180,2021,16324.344569288389,12806.0,Goiás,-0.15625883777098393,baixa,média,Atacarejo
520260,2021,27195.0,3237.0,Goiás,-0.15625883777098393,baixa,baixa,Risco (sem escala nem renda)
521850,2021,41846.26775519748,50329.0,Goiás,-0.15625883777098393,média,alta,Misto / avaliar caso a caso
510490,2021,22417.102137767222,7413.0,Mato Grosso,-1.198470469704671,baixa,média,Atacarejo
510480,2021,43245.41450028885,29803.0,Mato Grosso,-1.198470469704671,média,alta,Misto / avaliar caso a caso
510452,2021,235250.67220728428,8658.0,Mato Grosso,-1.198470469704671,alta,média,Varejo tradicional
521878,2021,68980.75296108291,4033.0,Goiás,-0.15625883777098393,alta,baixa,"Varejo de nicho (renda alta, população pequena)"
521860,2021,28694.188486451967,12665.0,Goiás,-0.15625883777098393,média,média,Misto / avaliar caso a caso
520280,2021,28349.437734277384,2993.0,Goiás,-0.15625883777098393,baixa,baixa,Risco (sem escala nem renda)
521015,2021,24188.796680497926,2968.0,Goiás,-0.15625883777098393,baixa,baixa,Risco (sem escala nem renda)
521010,2021,88781.61885620317,26223.0,Goiás,-0.15625883777098393,alta,alta,Varejo tradicional
522190,2021,27314.18918918919,3770.0,Goiás,-0.15625883777098393,baixa,baixa,Risco (sem escala nem renda)
500124,2021,100359.76340820079,11125.0,Mato Grosso do Sul,2.4056746559722564,alta,média,Varejo tradicional
500110,2021,23178.731529138302,48689.0,Mato Grosso do Sul,2.4056746559722564,baixa,alta,Atacarejo
500085,2021,79768.34220738201,11308.0,Mato Grosso do Sul,2.4056746559722564,alta,média,Varejo tradicional
500080,2021,45016.89337428697,7688.0,Mato Grosso do Sul,2.4056746559722564,média,média,Misto / avaliar caso a caso
510460,2021,156238.0709550521,12587.0,Mato Grosso,-1.198470469704671,alta,média,Varejo tradicional
521080,2021,29809.836808703534,4276.0,Goiás,-0.15625883777098393,média,baixa,Misto / avaliar caso a caso
521030,2021,25786.075036075035,2515.0,Goiás,-0.15625883777098393,baixa,baixa,Risco (sem escala nem renda)
521020,2021,27847.82815925773,37283.0,Goiás,-0.15625883777098393,baixa,alta,Atacarejo
522205,2021,53344.81226394135,9175.0,Goiás,-0.15625883777098393,alta,média,Varejo tradicional
521060,2021,20081.01851851852,4837.0,Goiás,-0.15625883777098393,baixa,baixa,Risco (sem escala nem renda)
521056,2021,20954.52604611443,5120.0,Goiás,-0.15625883777098393,baixa,baixa,Risco (sem escala nem renda)
530010,2021,92732.27020432566,2996899.0,Distrito Federal,7.7719277862177805,alta,alta,Varejo tradicional
522230,2021,51849.01531728665,6028.0,Goiás,-0.15625883777098393,alta,média,Varejo tradicional
500020,2021,75627.14508580344,17901.0,Mato Grosso do Sul,2.4056746559722564,alta,alta,Varejo tradicional
510785,2021,135983.7439249204,14604.0,Mato Grosso,-1.198470469704671,alta,média,Varejo tradicional
